<?xml version="1.0" encoding="UTF-8"?>
<project-private xmlns="http://www.netbeans.org/ns/project-private/1">
    <editor-bookmarks xmlns="http://www.netbeans.org/ns/editor-bookmarks/2" lastBookmarkId="0"/>
    <open-files xmlns="http://www.netbeans.org/ns/projectui-open-files/2">
        <group>
            <file>file:/C:/Users/RC_Student_lab/Documents/NetBeansProjects/chatApplication/src/chatapplication/ChatApplication.java</file>
            <file>file:/C:/Users/RC_Student_lab/Documents/NetBeansProjects/chatApplication/build.xml</file>
            <file>file:/C:/Users/RC_Student_lab/Documents/NetBeansProjects/chatApplication/.git/config</file>
            <file>file:/C:/Users/RC_Student_lab/Documents/NetBeansProjects/chatApplication/manifest.mf</file>
            <file>file:/C:/Users/RC_Student_lab/Documents/NetBeansProjects/chatApplication/src/chatapplication/ProgPOE%20P1</file>
        </group>
    </open-files>
</project-private>
